ticket_id,org_id,type,title,priority,status,owner_team,created_at,due_at,sla_days,related_finding_id,related_alert_id,notes
TCK-3FFWPNX3,ORG-EMBER,change_request,Restrict overly broad cloud permissions,P1,closed,Security,2025-12-12T06:52:56Z,2025-12-26T06:52:56Z,14,FND-B631H8XB,,Potential business exception; document rationale if accepting risk.
TCK-NZUUAE0Q,ORG-ACME,remediation,Enable audit logging for critical event sources,P2,open,IT Ops,2025-11-05T01:10:27Z,2026-01-04T01:10:27Z,60,FND-DTSJDWLW,,Proceed via change management; schedule maintenance window if needed.
TCK-ZP06LATD,ORG-EMBER,investigation,Enforce MFA for privileged access,P1,in_progress,Data,2025-09-07T19:20:14Z,2025-09-14T19:20:14Z,7,FND-Y0LE4RTF,,Confirm impact on downstream systems before rollout.
TCK-SLXQB00E,ORG-EMBER,risk_acceptance,Harden TLS policy for internet-facing services,P2,open,Customer Apps,2025-11-29T22:31:00Z,2025-12-13T22:31:00Z,14,FND-7XLSKQQ6,,Coordinate with service owner; capture before/after evidence.
TCK-EEVV5GR6,ORG-EMBER,exception,Harden TLS policy for internet-facing services,P3,open,Infra,2025-12-26T14:20:54Z,2026-01-09T14:20:54Z,14,,,Potential business exception; document rationale if accepting risk.
TCK-ZR4GYK59,ORG-ACME,remediation,Enable audit logging for critical event sources,P4,open,Customer Apps,2025-08-30T15:09:45Z,2025-10-29T15:09:45Z,60,FND-LK5WRN77,,Potential business exception; document rationale if accepting risk.
TCK-USES7RQM,ORG-ORION,change_request,Review public exposure and confirm intended access,P4,closed,Data,2025-10-04T08:17:55Z,2025-10-11T08:17:55Z,7,,,Proceed via change management; schedule maintenance window if needed.
TCK-LCNHZA4V,ORG-EMBER,change_request,Harden TLS policy for internet-facing services,P3,ready_for_retest,Platform,2025-09-19T08:30:12Z,2025-10-03T08:30:12Z,14,FND-IDTGKKNO,,Confirm impact on downstream systems before rollout.
TCK-JZ6FASRP,ORG-ORION,change_request,Enable audit logging for critical event sources,P4,ready_for_retest,IT Ops,2025-09-07T17:39:18Z,2025-12-06T17:39:18Z,90,FND-MYO51TNJ,,Potential business exception; document rationale if accepting risk.
TCK-RN928B0J,ORG-ACME,remediation,Harden TLS policy for internet-facing services,P2,in_progress,Infra,2025-12-21T13:07:29Z,2026-01-04T13:07:29Z,14,,,Coordinate with service owner; capture before/after evidence.
TCK-BHDNEVJA,ORG-ACME,investigation,Harden TLS policy for internet-facing services,P3,blocked,Infra,2025-10-24T18:25:03Z,2025-11-23T18:25:03Z,30,FND-64KED510,ALT-1L9FX57K,Proceed via change management; schedule maintenance window if needed.
TCK-FXFQXXLV,ORG-EMBER,risk_acceptance,Restrict overly broad cloud permissions,P4,in_progress,Platform,2025-11-28T08:58:20Z,2025-12-28T08:58:20Z,30,FND-XDOTKNIX,,Coordinate with service owner; capture before/after evidence.
TCK-8Q6GY7YK,ORG-ACME,risk_acceptance,Investigate suspicious authentication activity,P3,ready_for_retest,Platform,2025-11-19T15:23:58Z,2025-11-26T15:23:58Z,7,FND-CWP8NXWN,,Confirm impact on downstream systems before rollout.
TCK-1CVFT5SN,ORG-ORION,investigation,Enforce MFA for privileged access,P2,ready_for_retest,IT Ops,2025-09-02T19:02:33Z,2025-09-09T19:02:33Z,7,FND-CWP8NXWN,,Proceed via change management; schedule maintenance window if needed.
TCK-FCYUTKNP,ORG-ACME,risk_acceptance,Review public exposure and confirm intended access,P3,in_progress,Infra,2025-09-29T23:58:27Z,2025-11-28T23:58:27Z,60,FND-1M6P09WH,,Confirm impact on downstream systems before rollout.
TCK-IW7GNMAP,ORG-EMBER,remediation,Enforce MFA for privileged access,P1,in_progress,Payments,2025-10-16T03:06:31Z,2026-01-14T03:06:31Z,90,FND-7V2K6OY0,,Proceed via change management; schedule maintenance window if needed.
TCK-EXC7C421,ORG-ORION,change_request,Investigate suspicious authentication activity,P4,closed,Customer Apps,2025-12-30T03:15:46Z,2026-01-29T03:15:46Z,30,,,Coordinate with service owner; capture before/after evidence.
TCK-M391T93U,ORG-ACME,change_request,Investigate suspicious authentication activity,P2,ready_for_retest,Data,2025-10-13T23:42:53Z,2025-10-20T23:42:53Z,7,FND-IASHZQGG,,Coordinate with service owner; capture before/after evidence.
TCK-VY4ROXDG,ORG-EMBER,remediation,Harden TLS policy for internet-facing services,P4,in_progress,Data,2025-08-31T16:30:38Z,2025-09-14T16:30:38Z,14,,,Potential business exception; document rationale if accepting risk.
TCK-S80SWRMY,ORG-ACME,exception,Investigate suspicious authentication activity,P2,open,IT Ops,2025-12-12T12:12:08Z,2025-12-19T12:12:08Z,7,FND-LUY6RVHY,,Confirm impact on downstream systems before rollout.
TCK-C9WHTG9M,ORG-EMBER,investigation,Restrict overly broad cloud permissions,P1,open,Payments,2025-10-19T04:55:05Z,2025-10-26T04:55:05Z,7,,ALT-HEAL2SIR,Confirm impact on downstream systems before rollout.
TCK-DNDK2RKO,ORG-ACME,risk_acceptance,Investigate suspicious authentication activity,P4,open,Platform,2025-12-24T00:24:59Z,2025-12-31T00:24:59Z,7,FND-1MSN0B1H,,Confirm impact on downstream systems before rollout.
TCK-0EAII9VT,ORG-ACME,risk_acceptance,Enforce MFA for privileged access,P2,closed,Infra,2025-10-28T20:45:52Z,2025-11-11T20:45:52Z,14,FND-3G2DMQZS,,Confirm impact on downstream systems before rollout.
TCK-T52MX3Z8,ORG-EMBER,investigation,Review public exposure and confirm intended access,P1,blocked,Payments,2025-11-15T21:57:00Z,2026-01-14T21:57:00Z,60,FND-WZ8H1KJ3,ALT-UGER5UAH,Coordinate with service owner; capture before/after evidence.
TCK-OOJ2SR4F,ORG-ORION,remediation,Harden TLS policy for internet-facing services,P4,closed,Security,2025-08-30T10:56:42Z,2025-10-29T10:56:42Z,60,,,Confirm impact on downstream systems before rollout.
TCK-1METWBRF,ORG-ACME,investigation,Enable audit logging for critical event sources,P2,open,IT Ops,2025-09-01T23:52:01Z,2025-11-30T23:52:01Z,90,FND-EZG1Z785,ALT-Z9VG4U2E,Proceed via change management; schedule maintenance window if needed.
TCK-BOSGFOAM,ORG-EMBER,risk_acceptance,Review public exposure and confirm intended access,P2,blocked,Payments,2025-08-18T20:49:48Z,2025-11-16T20:49:48Z,90,,,Confirm impact on downstream systems before rollout.
TCK-6G6MMK2W,ORG-ACME,investigation,Restrict overly broad cloud permissions,P1,blocked,Customer Apps,2025-11-30T15:07:02Z,2026-02-28T15:07:02Z,90,FND-M0UG0E1F,,Coordinate with service owner; capture before/after evidence.
TCK-0WS87M3J,ORG-EMBER,change_request,Review public exposure and confirm intended access,P2,open,Customer Apps,2025-11-02T23:21:00Z,2026-01-31T23:21:00Z,90,FND-O1B7N2Q3,,Potential business exception; document rationale if accepting risk.
TCK-6CJET4F3,ORG-ORION,investigation,Enforce MFA for privileged access,P4,closed,Security,2025-10-09T15:50:40Z,2025-12-08T15:50:40Z,60,FND-NEAU8KML,ALT-CRVNO799,Proceed via change management; schedule maintenance window if needed.
TCK-JA7H8SJO,ORG-EMBER,remediation,Harden TLS policy for internet-facing services,P1,closed,Security,2025-09-06T06:30:31Z,2025-12-05T06:30:31Z,90,FND-O1B7N2Q3,,Proceed via change management; schedule maintenance window if needed.
TCK-V9EQXH4N,ORG-EMBER,remediation,Review public exposure and confirm intended access,P2,in_progress,Customer Apps,2025-09-15T11:01:46Z,2025-11-14T11:01:46Z,60,FND-KV85ROKF,,Potential business exception; document rationale if accepting risk.
TCK-O9U5IITA,ORG-ORION,remediation,Investigate suspicious authentication activity,P1,blocked,Data,2025-12-24T23:06:25Z,2026-02-22T23:06:25Z,60,FND-CU6HHJ4J,,Coordinate with service owner; capture before/after evidence.
TCK-L4PO7YTZ,ORG-EMBER,investigation,Harden TLS policy for internet-facing services,P3,open,IT Ops,2025-09-17T17:11:00Z,2025-12-16T17:11:00Z,90,,ALT-QIKM5CDE,Confirm impact on downstream systems before rollout.
TCK-BVMS4KS1,ORG-EMBER,exception,Review public exposure and confirm intended access,P3,in_progress,Platform,2025-12-21T00:56:05Z,2026-02-19T00:56:05Z,60,,,Confirm impact on downstream systems before rollout.
TCK-UUSWZPQ8,ORG-ORION,exception,Restrict overly broad cloud permissions,P1,open,Infra,2025-12-22T05:10:08Z,2026-01-21T05:10:08Z,30,,,Confirm impact on downstream systems before rollout.
TCK-EEZH0DDL,ORG-ORION,exception,Review public exposure and confirm intended access,P3,open,Customer Apps,2025-10-30T02:33:38Z,2026-01-28T02:33:38Z,90,FND-BEDM72L3,,Potential business exception; document rationale if accepting risk.
TCK-K86VVZC9,ORG-ORION,exception,Review public exposure and confirm intended access,P1,closed,Payments,2025-10-01T22:06:00Z,2025-11-30T22:06:00Z,60,FND-1UWGQ4OD,,Potential business exception; document rationale if accepting risk.
TCK-NI7SYS1K,ORG-EMBER,investigation,Review public exposure and confirm intended access,P1,closed,Customer Apps,2025-12-17T06:13:42Z,2026-02-15T06:13:42Z,60,,ALT-89AZ3QQN,Confirm impact on downstream systems before rollout.
TCK-YA1LKPF1,ORG-EMBER,risk_acceptance,Harden TLS policy for internet-facing services,P4,ready_for_retest,Data,2025-09-28T19:07:18Z,2025-10-12T19:07:18Z,14,FND-K524JHBT,,Confirm impact on downstream systems before rollout.
TCK-HNTQN812,ORG-EMBER,exception,Review public exposure and confirm intended access,P1,ready_for_retest,Payments,2025-10-20T17:37:04Z,2025-12-19T17:37:04Z,60,FND-BUHM60PE,,Proceed via change management; schedule maintenance window if needed.
TCK-A91WJBGC,ORG-ORION,remediation,Restrict overly broad cloud permissions,P3,closed,IT Ops,2025-08-20T15:04:19Z,2025-08-27T15:04:19Z,7,FND-0XS57Q6J,,Proceed via change management; schedule maintenance window if needed.
TCK-9CQU5D4J,ORG-ACME,exception,Harden TLS policy for internet-facing services,P1,closed,Payments,2025-08-10T23:04:16Z,2025-08-17T23:04:16Z,7,,,Coordinate with service owner; capture before/after evidence.
TCK-9LTZAXBO,ORG-EMBER,risk_acceptance,Investigate suspicious authentication activity,P4,in_progress,Security,2025-10-03T11:06:07Z,2025-12-02T11:06:07Z,60,FND-IY8MC6Y2,,Potential business exception; document rationale if accepting risk.
TCK-ONWUCQ7L,ORG-ORION,exception,Review public exposure and confirm intended access,P4,open,Platform,2025-12-08T17:29:31Z,2025-12-22T17:29:31Z,14,,,Proceed via change management; schedule maintenance window if needed.
TCK-XUD0QCN7,ORG-EMBER,change_request,Investigate suspicious authentication activity,P3,blocked,Security,2025-12-19T02:18:32Z,2025-12-26T02:18:32Z,7,,,Coordinate with service owner; capture before/after evidence.
TCK-0YDUS1YA,ORG-ORION,remediation,Harden TLS policy for internet-facing services,P3,blocked,Customer Apps,2025-11-21T15:57:50Z,2025-11-28T15:57:50Z,7,,,Proceed via change management; schedule maintenance window if needed.
TCK-EKPLX43W,ORG-EMBER,investigation,Review public exposure and confirm intended access,P2,blocked,IT Ops,2025-10-14T20:19:10Z,2025-12-13T20:19:10Z,60,FND-IASHZQGG,ALT-ZVF84GH5,Potential business exception; document rationale if accepting risk.
TCK-Z7N0YMTU,ORG-ORION,remediation,Review public exposure and confirm intended access,P3,in_progress,Data,2025-09-22T20:52:22Z,2025-11-21T20:52:22Z,60,,,Coordinate with service owner; capture before/after evidence.
TCK-6D4I432Z,ORG-ACME,risk_acceptance,Restrict overly broad cloud permissions,P2,in_progress,Payments,2025-10-28T20:09:23Z,2025-11-04T20:09:23Z,7,FND-H2T1RB1H,,Coordinate with service owner; capture before/after evidence.
TCK-7TNDFHQV,ORG-ORION,remediation,Harden TLS policy for internet-facing services,P4,closed,Payments,2025-08-31T16:25:54Z,2025-09-30T16:25:54Z,30,FND-E2UD9211,,Proceed via change management; schedule maintenance window if needed.
TCK-3MWTHBL8,ORG-ACME,remediation,Harden TLS policy for internet-facing services,P1,blocked,Data,2025-09-07T09:18:32Z,2025-11-06T09:18:32Z,60,FND-9O03NPNM,,Coordinate with service owner; capture before/after evidence.
TCK-ER9NCTGS,ORG-EMBER,investigation,Harden TLS policy for internet-facing services,P1,blocked,IT Ops,2025-12-11T01:50:14Z,2025-12-25T01:50:14Z,14,FND-OTMI22F2,,Confirm impact on downstream systems before rollout.
TCK-AIJJ3SGJ,ORG-EMBER,change_request,Enforce MFA for privileged access,P1,blocked,Infra,2025-10-05T20:29:32Z,2025-10-12T20:29:32Z,7,,,Proceed via change management; schedule maintenance window if needed.
TCK-LTJ92O8J,ORG-EMBER,investigation,Restrict overly broad cloud permissions,P3,open,Payments,2025-12-14T22:50:05Z,2026-02-12T22:50:05Z,60,FND-G52DW19O,,Coordinate with service owner; capture before/after evidence.
TCK-0VE2RLDO,ORG-ORION,risk_acceptance,Review public exposure and confirm intended access,P3,blocked,Security,2025-12-01T08:50:41Z,2026-01-30T08:50:41Z,60,FND-M0UG0E1F,,Potential business exception; document rationale if accepting risk.
TCK-Y7VEAYBL,ORG-ACME,risk_acceptance,Enable audit logging for critical event sources,P4,in_progress,Platform,2025-09-24T03:20:33Z,2025-10-08T03:20:33Z,14,,,Potential business exception; document rationale if accepting risk.
TCK-0L06ZEUQ,ORG-ACME,change_request,Investigate suspicious authentication activity,P3,in_progress,IT Ops,2025-10-19T22:26:47Z,2025-12-18T22:26:47Z,60,FND-VXIXE8T7,,Coordinate with service owner; capture before/after evidence.
TCK-R8O5QRQV,ORG-ORION,exception,Restrict overly broad cloud permissions,P1,closed,Security,2025-10-18T19:29:44Z,2026-01-16T19:29:44Z,90,FND-7U6U9BQT,,Potential business exception; document rationale if accepting risk.
TCK-YTHDLC9Q,ORG-EMBER,remediation,Harden TLS policy for internet-facing services,P3,in_progress,Infra,2025-11-22T05:48:15Z,2026-02-20T05:48:15Z,90,FND-EKTHN4VU,,Potential business exception; document rationale if accepting risk.
TCK-ARJ4DP3L,ORG-ORION,risk_acceptance,Enable audit logging for critical event sources,P4,closed,Platform,2025-12-24T22:13:14Z,2026-01-23T22:13:14Z,30,FND-9DSB0EMM,,Coordinate with service owner; capture before/after evidence.
TCK-L6KZJ8A3,ORG-EMBER,investigation,Harden TLS policy for internet-facing services,P3,ready_for_retest,Platform,2025-12-09T04:34:59Z,2026-02-07T04:34:59Z,60,,ALT-D56MQUZD,Potential business exception; document rationale if accepting risk.
TCK-JM4I6RHD,ORG-ACME,exception,Enable audit logging for critical event sources,P2,ready_for_retest,Data,2025-09-14T09:39:27Z,2025-09-21T09:39:27Z,7,FND-DKDKHB3J,,Proceed via change management; schedule maintenance window if needed.
TCK-XAYMS2DF,ORG-EMBER,investigation,Restrict overly broad cloud permissions,P4,ready_for_retest,Security,2025-08-23T21:52:22Z,2025-09-06T21:52:22Z,14,FND-2Z0JJVB7,ALT-CGBAETQ6,Potential business exception; document rationale if accepting risk.
TCK-2EM4ZEB5,ORG-EMBER,exception,Enable audit logging for critical event sources,P4,ready_for_retest,Platform,2025-11-01T03:50:24Z,2025-12-31T03:50:24Z,60,,,Potential business exception; document rationale if accepting risk.
TCK-9SJFDR67,ORG-ORION,risk_acceptance,Investigate suspicious authentication activity,P3,ready_for_retest,Security,2025-08-18T09:30:37Z,2025-10-17T09:30:37Z,60,,,Potential business exception; document rationale if accepting risk.
TCK-V9YQM8TY,ORG-ORION,risk_acceptance,Harden TLS policy for internet-facing services,P3,ready_for_retest,Infra,2025-10-08T00:00:15Z,2026-01-06T00:00:15Z,90,FND-3JSTVA3Q,,Proceed via change management; schedule maintenance window if needed.
TCK-HVAW3HXH,ORG-EMBER,change_request,Investigate suspicious authentication activity,P2,ready_for_retest,Data,2025-11-29T20:13:48Z,2025-12-29T20:13:48Z,30,,,Coordinate with service owner; capture before/after evidence.
TCK-V8NGY021,ORG-ORION,investigation,Restrict overly broad cloud permissions,P3,open,IT Ops,2025-09-15T06:09:35Z,2025-09-22T06:09:35Z,7,,,Coordinate with service owner; capture before/after evidence.
TCK-UUX4Z7TQ,ORG-ACME,investigation,Review public exposure and confirm intended access,P2,open,Payments,2025-12-14T00:33:19Z,2026-01-13T00:33:19Z,30,FND-U1ERGXYH,ALT-GBKUS3W8,Proceed via change management; schedule maintenance window if needed.
TCK-JWKVU8AA,ORG-EMBER,remediation,Enable audit logging for critical event sources,P4,ready_for_retest,Data,2025-09-01T17:11:00Z,2025-10-31T17:11:00Z,60,FND-1YXJXLYZ,,Coordinate with service owner; capture before/after evidence.
TCK-8REFIOTS,ORG-ORION,risk_acceptance,Enforce MFA for privileged access,P1,blocked,Security,2025-08-14T22:11:35Z,2025-08-21T22:11:35Z,7,,,Potential business exception; document rationale if accepting risk.
TCK-39IHC3DZ,ORG-ACME,exception,Harden TLS policy for internet-facing services,P3,in_progress,Platform,2025-11-19T19:17:27Z,2025-12-03T19:17:27Z,14,,,Proceed via change management; schedule maintenance window if needed.
TCK-NSR3UQN8,ORG-ACME,change_request,Enforce MFA for privileged access,P4,open,Data,2025-11-27T19:10:05Z,2025-12-27T19:10:05Z,30,,,Coordinate with service owner; capture before/after evidence.
TCK-MISZVP4M,ORG-EMBER,risk_acceptance,Restrict overly broad cloud permissions,P3,ready_for_retest,Data,2025-09-30T08:49:51Z,2025-10-14T08:49:51Z,14,FND-1OD5AW6T,,Coordinate with service owner; capture before/after evidence.
TCK-X8MH18WF,ORG-EMBER,remediation,Review public exposure and confirm intended access,P2,ready_for_retest,Customer Apps,2025-09-12T12:23:50Z,2025-12-11T12:23:50Z,90,FND-2VQBSDXE,,Potential business exception; document rationale if accepting risk.
TCK-6LJEEZOG,ORG-ORION,risk_acceptance,Enable audit logging for critical event sources,P3,ready_for_retest,Platform,2025-09-17T22:50:03Z,2025-09-24T22:50:03Z,7,FND-485T6249,,Potential business exception; document rationale if accepting risk.
TCK-WQBWRNK0,ORG-EMBER,risk_acceptance,Review public exposure and confirm intended access,P4,in_progress,Data,2025-08-08T19:21:51Z,2025-11-06T19:21:51Z,90,,,Coordinate with service owner; capture before/after evidence.
TCK-EF4W5VUQ,ORG-EMBER,risk_acceptance,Enable audit logging for critical event sources,P3,closed,Security,2025-08-16T18:47:51Z,2025-08-23T18:47:51Z,7,FND-HQCJ3B22,,Potential business exception; document rationale if accepting risk.
TCK-G5359NS6,ORG-ACME,investigation,Enable audit logging for critical event sources,P2,ready_for_retest,Payments,2025-11-13T21:03:54Z,2026-02-11T21:03:54Z,90,FND-05ZQDMX3,ALT-UKQBQUNZ,Confirm impact on downstream systems before rollout.
TCK-10YIETQJ,ORG-EMBER,investigation,Investigate suspicious authentication activity,P4,ready_for_retest,Customer Apps,2025-10-28T20:09:50Z,2025-11-27T20:09:50Z,30,FND-P31MSOAC,,Proceed via change management; schedule maintenance window if needed.
TCK-WHI3NNSM,ORG-ACME,investigation,Harden TLS policy for internet-facing services,P3,open,IT Ops,2025-08-21T23:35:50Z,2025-09-04T23:35:50Z,14,,ALT-NPPKN4EW,Proceed via change management; schedule maintenance window if needed.
TCK-13NM30QQ,ORG-ORION,risk_acceptance,Review public exposure and confirm intended access,P3,in_progress,Infra,2025-09-18T07:12:19Z,2025-11-17T07:12:19Z,60,FND-ITKTKEZJ,,Potential business exception; document rationale if accepting risk.
TCK-XAXIX54T,ORG-ORION,change_request,Review public exposure and confirm intended access,P2,ready_for_retest,Security,2025-12-11T16:09:59Z,2025-12-18T16:09:59Z,7,,,Potential business exception; document rationale if accepting risk.
TCK-HQYI9HYJ,ORG-EMBER,remediation,Restrict overly broad cloud permissions,P4,in_progress,Payments,2025-12-27T02:42:44Z,2026-03-27T02:42:44Z,90,FND-8YYKJN3V,,Proceed via change management; schedule maintenance window if needed.
TCK-YGQLYFRR,ORG-ACME,risk_acceptance,Investigate suspicious authentication activity,P3,in_progress,Infra,2025-10-19T06:08:18Z,2025-10-26T06:08:18Z,7,,,Potential business exception; document rationale if accepting risk.
TCK-ITAXFX0D,ORG-EMBER,investigation,Enforce MFA for privileged access,P2,closed,Data,2025-11-28T12:11:00Z,2026-02-26T12:11:00Z,90,,ALT-JQK2HRVA,Coordinate with service owner; capture before/after evidence.
TCK-ZG8X394V,ORG-ORION,risk_acceptance,Enable audit logging for critical event sources,P4,blocked,Infra,2025-11-28T19:39:53Z,2026-01-27T19:39:53Z,60,FND-DUJF8W0V,,Proceed via change management; schedule maintenance window if needed.
TCK-WBLS74TH,ORG-EMBER,change_request,Enforce MFA for privileged access,P2,blocked,Customer Apps,2025-08-27T13:08:50Z,2025-09-03T13:08:50Z,7,FND-AJW48ANG,,Coordinate with service owner; capture before/after evidence.
TCK-2ZORSIQA,ORG-EMBER,investigation,Harden TLS policy for internet-facing services,P2,open,Infra,2025-09-06T11:13:23Z,2025-10-06T11:13:23Z,30,,ALT-J7NCD875,Proceed via change management; schedule maintenance window if needed.
TCK-0YQG6SKP,ORG-EMBER,risk_acceptance,Investigate suspicious authentication activity,P3,in_progress,IT Ops,2025-09-28T22:43:34Z,2025-10-28T22:43:34Z,30,,,Confirm impact on downstream systems before rollout.
TCK-YCMJ7WXV,ORG-EMBER,change_request,Enforce MFA for privileged access,P2,blocked,Infra,2025-10-07T05:14:07Z,2025-10-21T05:14:07Z,14,,,Proceed via change management; schedule maintenance window if needed.
TCK-EFMMGX6T,ORG-ACME,change_request,Investigate suspicious authentication activity,P3,blocked,IT Ops,2025-12-06T10:09:40Z,2025-12-13T10:09:40Z,7,FND-UZ0B6CD8,,Confirm impact on downstream systems before rollout.
TCK-QUW9XJ4V,ORG-EMBER,risk_acceptance,Enforce MFA for privileged access,P2,closed,Data,2025-10-04T17:00:20Z,2025-10-18T17:00:20Z,14,FND-5ZO47GYG,,Confirm impact on downstream systems before rollout.
TCK-W7POB1D6,ORG-ORION,remediation,Harden TLS policy for internet-facing services,P4,blocked,Security,2025-08-30T11:43:06Z,2025-09-06T11:43:06Z,7,FND-J0KP03FG,,Potential business exception; document rationale if accepting risk.
TCK-PKL7EQ06,ORG-EMBER,change_request,Investigate suspicious authentication activity,P1,blocked,Payments,2025-10-17T11:47:11Z,2025-10-24T11:47:11Z,7,FND-P4JTMTOM,,Confirm impact on downstream systems before rollout.
TCK-4IREFQOK,ORG-EMBER,exception,Enforce MFA for privileged access,P1,open,Platform,2025-08-26T00:53:30Z,2025-10-25T00:53:30Z,60,,,Confirm impact on downstream systems before rollout.
TCK-MCVEMSCQ,ORG-ACME,risk_acceptance,Enforce MFA for privileged access,P3,closed,Customer Apps,2025-09-29T03:15:13Z,2025-10-29T03:15:13Z,30,FND-7BAI2FT1,,Confirm impact on downstream systems before rollout.
TCK-IJLTS0OP,ORG-ACME,remediation,Enforce MFA for privileged access,P3,open,Payments,2025-09-11T07:58:14Z,2025-09-25T07:58:14Z,14,FND-G1RSM7FN,,Confirm impact on downstream systems before rollout.
TCK-UZKKI7QQ,ORG-ORION,exception,Restrict overly broad cloud permissions,P1,open,Platform,2025-12-29T13:45:05Z,2026-01-28T13:45:05Z,30,,,Coordinate with service owner; capture before/after evidence.
TCK-JRWPA23W,ORG-ORION,investigation,Restrict overly broad cloud permissions,P1,in_progress,Data,2025-09-19T15:52:48Z,2025-12-18T15:52:48Z,90,,ALT-SZL9HX49,Potential business exception; document rationale if accepting risk.
TCK-YPFP3FYY,ORG-ACME,remediation,Enforce MFA for privileged access,P2,closed,IT Ops,2025-09-01T11:26:22Z,2025-09-08T11:26:22Z,7,FND-F6PEE0TA,,Potential business exception; document rationale if accepting risk.
TCK-2BVGJFSI,ORG-EMBER,risk_acceptance,Restrict overly broad cloud permissions,P2,in_progress,Data,2025-10-08T20:26:38Z,2025-12-07T20:26:38Z,60,,,Coordinate with service owner; capture before/after evidence.
TCK-6ENWOJNM,ORG-ACME,investigation,Harden TLS policy for internet-facing services,P3,blocked,Security,2025-11-17T14:31:40Z,2026-01-16T14:31:40Z,60,FND-AU5CW5GR,,Proceed via change management; schedule maintenance window if needed.
TCK-JHRDIADG,ORG-EMBER,exception,Harden TLS policy for internet-facing services,P3,closed,Payments,2025-12-23T00:39:04Z,2026-01-06T00:39:04Z,14,FND-UZ22VCVT,,Coordinate with service owner; capture before/after evidence.
TCK-LOM7L1CY,ORG-EMBER,risk_acceptance,Enable audit logging for critical event sources,P1,open,Data,2025-12-18T14:26:57Z,2026-03-18T14:26:57Z,90,FND-8QAQM7S8,,Confirm impact on downstream systems before rollout.
TCK-6RU0CX8U,ORG-EMBER,risk_acceptance,Review public exposure and confirm intended access,P1,blocked,Data,2025-09-26T10:07:46Z,2025-10-26T10:07:46Z,30,FND-8S6YDZLW,,Proceed via change management; schedule maintenance window if needed.
TCK-8H2XYLQB,ORG-ORION,investigation,Harden TLS policy for internet-facing services,P2,ready_for_retest,Platform,2025-12-05T19:14:01Z,2026-01-04T19:14:01Z,30,FND-O90PGPV5,,Proceed via change management; schedule maintenance window if needed.
TCK-ZLHGZE7U,ORG-EMBER,change_request,Review public exposure and confirm intended access,P2,blocked,Platform,2025-12-18T02:58:25Z,2026-03-18T02:58:25Z,90,FND-DTROR76P,,Potential business exception; document rationale if accepting risk.
TCK-O64V3253,ORG-EMBER,investigation,Enforce MFA for privileged access,P4,closed,Payments,2025-10-06T15:49:30Z,2025-10-20T15:49:30Z,14,,ALT-YSNIJPHT,Potential business exception; document rationale if accepting risk.
TCK-5N664VR9,ORG-ACME,remediation,Restrict overly broad cloud permissions,P3,ready_for_retest,Data,2025-09-05T18:26:18Z,2025-09-12T18:26:18Z,7,,,Proceed via change management; schedule maintenance window if needed.
TCK-IOCZY9V4,ORG-ACME,remediation,Review public exposure and confirm intended access,P1,ready_for_retest,Customer Apps,2025-12-28T18:34:34Z,2026-01-27T18:34:34Z,30,,,Potential business exception; document rationale if accepting risk.
TCK-HJAFZANP,ORG-ORION,exception,Investigate suspicious authentication activity,P4,open,Infra,2025-08-10T11:10:03Z,2025-08-24T11:10:03Z,14,FND-4SWIZOZV,,Coordinate with service owner; capture before/after evidence.
TCK-4ASHVVON,ORG-EMBER,change_request,Review public exposure and confirm intended access,P4,blocked,Platform,2025-11-26T20:20:55Z,2025-12-26T20:20:55Z,30,FND-NRN9X5ES,,Confirm impact on downstream systems before rollout.
TCK-TXZ5ZFFM,ORG-ACME,exception,Enable audit logging for critical event sources,P3,in_progress,IT Ops,2025-10-10T18:38:22Z,2026-01-08T18:38:22Z,90,,,Potential business exception; document rationale if accepting risk.
TCK-D5N0TA8I,ORG-ACME,risk_acceptance,Harden TLS policy for internet-facing services,P4,in_progress,Customer Apps,2025-12-26T03:24:07Z,2026-01-02T03:24:07Z,7,FND-1Z460BDI,,Confirm impact on downstream systems before rollout.
TCK-Y515FR3V,ORG-ORION,exception,Review public exposure and confirm intended access,P4,closed,Data,2025-10-30T22:21:05Z,2025-11-06T22:21:05Z,7,FND-AD05WF5Z,,Coordinate with service owner; capture before/after evidence.
TCK-6TAPKQI9,ORG-ACME,remediation,Review public exposure and confirm intended access,P4,closed,Platform,2025-09-21T12:08:59Z,2025-10-05T12:08:59Z,14,FND-VXIXE8T7,,Proceed via change management; schedule maintenance window if needed.
TCK-B48C9FQB,ORG-ACME,exception,Harden TLS policy for internet-facing services,P1,blocked,Data,2025-09-13T11:18:49Z,2025-09-27T11:18:49Z,14,,,Confirm impact on downstream systems before rollout.
TCK-H6GALIH8,ORG-EMBER,risk_acceptance,Review public exposure and confirm intended access,P1,open,Platform,2025-11-27T06:02:05Z,2025-12-11T06:02:05Z,14,FND-U10ZN1QE,,Coordinate with service owner; capture before/after evidence.
TCK-WV8H6XJ9,ORG-ORION,investigation,Review public exposure and confirm intended access,P1,open,IT Ops,2025-10-03T15:46:12Z,2025-12-02T15:46:12Z,60,,ALT-LB3YD7QQ,Confirm impact on downstream systems before rollout.
TCK-OI66X32T,ORG-ACME,remediation,Review public exposure and confirm intended access,P1,blocked,IT Ops,2025-12-31T10:44:26Z,2026-03-31T10:44:26Z,90,FND-MEJ748RR,,Proceed via change management; schedule maintenance window if needed.
TCK-PFUE153J,ORG-EMBER,investigation,Investigate suspicious authentication activity,P3,ready_for_retest,Customer Apps,2025-11-26T06:56:54Z,2025-12-26T06:56:54Z,30,FND-OGKUKFL7,ALT-YSNIJPHT,Potential business exception; document rationale if accepting risk.
TCK-49SF33DY,ORG-ORION,risk_acceptance,Review public exposure and confirm intended access,P1,in_progress,IT Ops,2025-10-08T05:42:28Z,2026-01-06T05:42:28Z,90,,,Coordinate with service owner; capture before/after evidence.
TCK-190R1N8N,ORG-ACME,change_request,Enable audit logging for critical event sources,P3,ready_for_retest,Customer Apps,2025-08-27T04:58:18Z,2025-09-26T04:58:18Z,30,FND-5YKQ5FWI,,Potential business exception; document rationale if accepting risk.
TCK-VER4GJRP,ORG-ORION,exception,Restrict overly broad cloud permissions,P3,closed,Platform,2025-12-25T10:31:01Z,2026-03-25T10:31:01Z,90,FND-WZ8H1KJ3,,Potential business exception; document rationale if accepting risk.
TCK-KSSNY3AO,ORG-ORION,change_request,Review public exposure and confirm intended access,P2,open,Security,2025-11-15T09:56:40Z,2026-02-13T09:56:40Z,90,FND-DGS3W3CA,,Coordinate with service owner; capture before/after evidence.
TCK-VEBXWJWN,ORG-ORION,exception,Enforce MFA for privileged access,P4,open,Infra,2025-12-15T11:38:10Z,2025-12-22T11:38:10Z,7,FND-6XW68EAH,,Confirm impact on downstream systems before rollout.
TCK-B9194UBN,ORG-ACME,remediation,Enforce MFA for privileged access,P4,open,Data,2025-10-24T06:31:57Z,2025-10-31T06:31:57Z,7,,,Confirm impact on downstream systems before rollout.
TCK-IE5YSPSM,ORG-ORION,change_request,Restrict overly broad cloud permissions,P4,in_progress,Customer Apps,2025-10-21T01:34:55Z,2025-11-20T01:34:55Z,30,FND-J1LDR51B,,Proceed via change management; schedule maintenance window if needed.
TCK-N4CCMKS7,ORG-ORION,exception,Enable audit logging for critical event sources,P1,ready_for_retest,Customer Apps,2025-08-12T14:11:53Z,2025-10-11T14:11:53Z,60,,,Confirm impact on downstream systems before rollout.
TCK-MQ9GBUCV,ORG-EMBER,change_request,Enable audit logging for critical event sources,P3,ready_for_retest,Infra,2025-08-10T23:38:55Z,2025-08-24T23:38:55Z,14,,,Proceed via change management; schedule maintenance window if needed.
TCK-7AYL69WL,ORG-EMBER,change_request,Enable audit logging for critical event sources,P2,ready_for_retest,Platform,2025-12-02T23:08:46Z,2026-01-31T23:08:46Z,60,FND-ZF9U6LOR,,Coordinate with service owner; capture before/after evidence.
TCK-JL0OTCRA,ORG-EMBER,change_request,Review public exposure and confirm intended access,P1,open,Customer Apps,2025-09-23T12:06:49Z,2025-12-22T12:06:49Z,90,FND-O1B7N2Q3,,Potential business exception; document rationale if accepting risk.
TCK-9I35W6W5,ORG-ORION,exception,Harden TLS policy for internet-facing services,P4,ready_for_retest,Data,2025-09-14T23:14:28Z,2025-11-13T23:14:28Z,60,,,Coordinate with service owner; capture before/after evidence.
TCK-661EFS6X,ORG-ACME,investigation,Enable audit logging for critical event sources,P1,in_progress,Platform,2025-08-22T02:54:40Z,2025-11-20T02:54:40Z,90,FND-RE9XXFSD,ALT-0V8D5AA7,Proceed via change management; schedule maintenance window if needed.
TCK-OCXLHC60,ORG-ACME,risk_acceptance,Enable audit logging for critical event sources,P4,in_progress,Data,2025-08-24T17:34:17Z,2025-11-22T17:34:17Z,90,,,Coordinate with service owner; capture before/after evidence.
TCK-498L2GGJ,ORG-ORION,risk_acceptance,Enable audit logging for critical event sources,P2,blocked,Payments,2025-11-11T13:43:45Z,2026-02-09T13:43:45Z,90,FND-85LZ3F2A,,Proceed via change management; schedule maintenance window if needed.
TCK-68FDYEFM,ORG-ACME,investigation,Enforce MFA for privileged access,P4,closed,Data,2025-09-25T00:19:38Z,2025-12-24T00:19:38Z,90,,ALT-4GZ2JHRL,Potential business exception; document rationale if accepting risk.
TCK-EUIW5F4J,ORG-ACME,change_request,Harden TLS policy for internet-facing services,P3,open,Security,2025-11-06T10:45:25Z,2025-11-20T10:45:25Z,14,FND-6IOA5AIC,,Proceed via change management; schedule maintenance window if needed.
TCK-69DWSDZT,ORG-ACME,investigation,Enable audit logging for critical event sources,P2,in_progress,Customer Apps,2025-11-01T14:16:02Z,2025-11-08T14:16:02Z,7,FND-VRIWDOQE,ALT-PS7O4CZE,Proceed via change management; schedule maintenance window if needed.
TCK-89RHKNML,ORG-ORION,risk_acceptance,Enable audit logging for critical event sources,P2,ready_for_retest,Platform,2025-11-15T10:14:58Z,2025-12-15T10:14:58Z,30,FND-SOF6BKTX,,Potential business exception; document rationale if accepting risk.
TCK-U8P5JN9P,ORG-ACME,risk_acceptance,Review public exposure and confirm intended access,P3,closed,IT Ops,2025-12-18T20:31:08Z,2026-03-18T20:31:08Z,90,FND-2ZADFV1M,,Coordinate with service owner; capture before/after evidence.
TCK-YF6SISMC,ORG-ORION,risk_acceptance,Investigate suspicious authentication activity,P1,closed,Payments,2025-09-28T17:45:08Z,2025-10-12T17:45:08Z,14,,,Coordinate with service owner; capture before/after evidence.
TCK-5JT66FAP,ORG-ACME,exception,Investigate suspicious authentication activity,P3,in_progress,Platform,2025-11-07T10:37:54Z,2026-02-05T10:37:54Z,90,,,Potential business exception; document rationale if accepting risk.
TCK-M3BC2UI7,ORG-EMBER,exception,Harden TLS policy for internet-facing services,P3,in_progress,Data,2025-08-26T15:23:55Z,2025-11-24T15:23:55Z,90,FND-2VQBSDXE,,Potential business exception; document rationale if accepting risk.
TCK-4FPZPAVD,ORG-ACME,risk_acceptance,Harden TLS policy for internet-facing services,P2,in_progress,Data,2025-12-13T13:53:01Z,2026-03-13T13:53:01Z,90,FND-RE9XXFSD,,Potential business exception; document rationale if accepting risk.
TCK-9U5BGRRJ,ORG-EMBER,investigation,Enable audit logging for critical event sources,P4,open,Customer Apps,2025-09-20T06:35:52Z,2025-11-19T06:35:52Z,60,,,Proceed via change management; schedule maintenance window if needed.
TCK-8OG2YZ6C,ORG-EMBER,risk_acceptance,Review public exposure and confirm intended access,P1,in_progress,Customer Apps,2025-10-15T14:23:50Z,2025-11-14T14:23:50Z,30,FND-BYZRBYPV,,Coordinate with service owner; capture before/after evidence.
TCK-QQM07UQ2,ORG-EMBER,remediation,Review public exposure and confirm intended access,P4,closed,Customer Apps,2025-09-12T09:39:41Z,2025-11-11T09:39:41Z,60,,,Proceed via change management; schedule maintenance window if needed.
TCK-UZ7873FZ,ORG-ACME,change_request,Investigate suspicious authentication activity,P4,in_progress,IT Ops,2025-11-29T17:22:22Z,2025-12-13T17:22:22Z,14,,,Potential business exception; document rationale if accepting risk.
TCK-XLF4266Q,ORG-ORION,change_request,Enforce MFA for privileged access,P3,ready_for_retest,Data,2025-09-08T17:22:09Z,2025-12-07T17:22:09Z,90,FND-V5CK4V8X,,Potential business exception; document rationale if accepting risk.
TCK-G54LQOUI,ORG-ORION,change_request,Harden TLS policy for internet-facing services,P4,closed,Security,2025-09-16T06:54:59Z,2025-09-23T06:54:59Z,7,FND-GXK2GXTP,,Potential business exception; document rationale if accepting risk.
TCK-82051NF8,ORG-ACME,investigation,Harden TLS policy for internet-facing services,P3,in_progress,Customer Apps,2025-11-08T13:07:30Z,2025-11-22T13:07:30Z,14,FND-5NU3YF87,,Confirm impact on downstream systems before rollout.
TCK-YOVQVF6A,ORG-ORION,change_request,Enable audit logging for critical event sources,P3,open,Platform,2025-11-27T21:47:45Z,2025-12-27T21:47:45Z,30,FND-K9UZIG3J,,Proceed via change management; schedule maintenance window if needed.
TCK-9CIUIKBG,ORG-EMBER,exception,Harden TLS policy for internet-facing services,P3,open,Infra,2025-08-19T07:37:06Z,2025-09-18T07:37:06Z,30,FND-8AJWS6UB,,Coordinate with service owner; capture before/after evidence.
TCK-Z0552NPN,ORG-ACME,change_request,Enforce MFA for privileged access,P3,closed,IT Ops,2025-10-17T16:00:12Z,2025-10-31T16:00:12Z,14,FND-C5T7RCZG,,Coordinate with service owner; capture before/after evidence.
TCK-BQF00H2F,ORG-ORION,remediation,Restrict overly broad cloud permissions,P2,ready_for_retest,Platform,2025-10-16T16:36:20Z,2025-12-15T16:36:20Z,60,FND-OO9FDR1Y,,Proceed via change management; schedule maintenance window if needed.
TCK-0SMVMMYC,ORG-ORION,remediation,Harden TLS policy for internet-facing services,P2,in_progress,Security,2025-11-09T01:24:51Z,2026-01-08T01:24:51Z,60,FND-7HRWP7GW,,Confirm impact on downstream systems before rollout.
TCK-9YSCNFAW,ORG-ORION,investigation,Restrict overly broad cloud permissions,P2,ready_for_retest,Infra,2025-08-10T19:18:33Z,2025-09-09T19:18:33Z,30,FND-7P8N0UU9,ALT-QM9CYKTN,Proceed via change management; schedule maintenance window if needed.
TCK-37EFORCH,ORG-ACME,remediation,Restrict overly broad cloud permissions,P2,open,Security,2025-08-24T19:54:32Z,2025-11-22T19:54:32Z,90,FND-OSWYLWTI,,Proceed via change management; schedule maintenance window if needed.
TCK-0O5TYB7J,ORG-EMBER,exception,Enable audit logging for critical event sources,P4,closed,IT Ops,2025-11-08T07:30:56Z,2025-11-15T07:30:56Z,7,,,Confirm impact on downstream systems before rollout.
TCK-ARNIOXJ1,ORG-EMBER,exception,Harden TLS policy for internet-facing services,P4,blocked,Customer Apps,2025-09-01T14:45:39Z,2025-09-15T14:45:39Z,14,FND-X365BN33,,Proceed via change management; schedule maintenance window if needed.
TCK-PYR1KTXP,ORG-ACME,remediation,Enable audit logging for critical event sources,P2,closed,Infra,2025-08-22T19:11:24Z,2025-09-21T19:11:24Z,30,FND-RFQW0A8J,,Confirm impact on downstream systems before rollout.
TCK-7PU5POBQ,ORG-EMBER,remediation,Enable audit logging for critical event sources,P4,closed,Data,2025-11-24T21:02:50Z,2025-12-24T21:02:50Z,30,FND-QEKZ0HXX,,Confirm impact on downstream systems before rollout.
TCK-PDUTVYL6,ORG-ORION,risk_acceptance,Harden TLS policy for internet-facing services,P4,open,Customer Apps,2025-10-08T05:56:05Z,2025-10-22T05:56:05Z,14,,,Potential business exception; document rationale if accepting risk.
TCK-G4X63CQ2,ORG-EMBER,risk_acceptance,Restrict overly broad cloud permissions,P3,open,Infra,2025-10-04T02:26:49Z,2025-10-18T02:26:49Z,14,FND-ABCTTQVM,,Confirm impact on downstream systems before rollout.
TCK-UJVAOWTH,ORG-EMBER,remediation,Investigate suspicious authentication activity,P4,closed,Customer Apps,2025-12-19T18:39:28Z,2026-01-18T18:39:28Z,30,,,Proceed via change management; schedule maintenance window if needed.
TCK-BB5ATAJT,ORG-EMBER,exception,Enable audit logging for critical event sources,P4,blocked,Payments,2025-10-17T23:00:26Z,2025-12-16T23:00:26Z,60,,,Potential business exception; document rationale if accepting risk.
TCK-C7OXI748,ORG-EMBER,remediation,Harden TLS policy for internet-facing services,P2,open,IT Ops,2025-08-08T22:36:25Z,2025-10-07T22:36:25Z,60,FND-485T6249,,Confirm impact on downstream systems before rollout.
TCK-SIXMD3T0,ORG-ORION,exception,Restrict overly broad cloud permissions,P1,closed,Payments,2025-12-28T07:32:43Z,2026-01-04T07:32:43Z,7,,,Potential business exception; document rationale if accepting risk.
TCK-YYB3BJX7,ORG-ORION,exception,Enable audit logging for critical event sources,P3,ready_for_retest,Security,2025-10-11T14:14:59Z,2025-10-18T14:14:59Z,7,,,Confirm impact on downstream systems before rollout.
TCK-DOIAZK3V,ORG-ACME,remediation,Enable audit logging for critical event sources,P1,open,Infra,2025-09-04T19:38:49Z,2025-09-11T19:38:49Z,7,FND-RIC5N46E,,Potential business exception; document rationale if accepting risk.
TCK-IRVYVYHQ,ORG-ACME,change_request,Enforce MFA for privileged access,P1,in_progress,Customer Apps,2025-12-24T03:05:29Z,2026-01-07T03:05:29Z,14,FND-MEJ748RR,,Confirm impact on downstream systems before rollout.
TCK-29VRD1BK,ORG-ORION,risk_acceptance,Restrict overly broad cloud permissions,P4,closed,Data,2025-09-02T18:04:21Z,2025-12-01T18:04:21Z,90,FND-U1ERGXYH,,Coordinate with service owner; capture before/after evidence.
TCK-ZXE5SEBT,ORG-ACME,risk_acceptance,Restrict overly broad cloud permissions,P2,blocked,Platform,2025-11-26T20:35:20Z,2025-12-26T20:35:20Z,30,FND-C0QEUJJ5,,Proceed via change management; schedule maintenance window if needed.
TCK-J2W3E1H7,ORG-ORION,remediation,Investigate suspicious authentication activity,P1,blocked,Data,2025-09-17T19:52:12Z,2025-12-16T19:52:12Z,90,,,Proceed via change management; schedule maintenance window if needed.
TCK-QAKMUG04,ORG-EMBER,exception,Investigate suspicious authentication activity,P4,open,Payments,2025-12-07T14:27:35Z,2026-02-05T14:27:35Z,60,FND-C5PGDSMS,,Coordinate with service owner; capture before/after evidence.
TCK-MR4UP6WV,ORG-EMBER,investigation,Harden TLS policy for internet-facing services,P1,ready_for_retest,Infra,2025-08-21T12:47:50Z,2025-08-28T12:47:50Z,7,FND-HOQLCNXR,ALT-LB3YD7QQ,Potential business exception; document rationale if accepting risk.
TCK-POUI40LI,ORG-EMBER,exception,Enable audit logging for critical event sources,P3,ready_for_retest,IT Ops,2025-08-10T18:09:10Z,2025-11-08T18:09:10Z,90,FND-QHESSNZT,,Coordinate with service owner; capture before/after evidence.
TCK-BWU0W657,ORG-EMBER,investigation,Harden TLS policy for internet-facing services,P3,in_progress,Payments,2025-10-01T01:21:05Z,2025-12-30T01:21:05Z,90,,ALT-JXC878YQ,Proceed via change management; schedule maintenance window if needed.
TCK-PDRIVB0X,ORG-ACME,change_request,Enforce MFA for privileged access,P3,in_progress,Platform,2025-08-31T08:50:46Z,2025-09-14T08:50:46Z,14,FND-LR0W7YAC,,Coordinate with service owner; capture before/after evidence.
TCK-F4QJ42PN,ORG-ORION,exception,Investigate suspicious authentication activity,P3,ready_for_retest,IT Ops,2025-10-16T11:02:09Z,2025-11-15T11:02:09Z,30,,,Coordinate with service owner; capture before/after evidence.
TCK-84ND89NE,ORG-ACME,investigation,Investigate suspicious authentication activity,P2,closed,Infra,2025-10-09T13:07:58Z,2025-10-23T13:07:58Z,14,,ALT-SZL9HX49,Confirm impact on downstream systems before rollout.
TCK-FRCET0TB,ORG-ORION,change_request,Investigate suspicious authentication activity,P3,open,Security,2025-12-04T03:20:25Z,2025-12-11T03:20:25Z,7,,,Potential business exception; document rationale if accepting risk.
TCK-KJ436PY3,ORG-ACME,risk_acceptance,Restrict overly broad cloud permissions,P2,ready_for_retest,Customer Apps,2025-09-04T04:55:13Z,2025-10-04T04:55:13Z,30,,,Potential business exception; document rationale if accepting risk.
TCK-VXX4LMQM,ORG-ACME,remediation,Restrict overly broad cloud permissions,P4,blocked,Security,2025-08-23T12:58:13Z,2025-09-22T12:58:13Z,30,FND-QBC31HLC,,Confirm impact on downstream systems before rollout.
TCK-ZPF2PWCK,ORG-ORION,risk_acceptance,Review public exposure and confirm intended access,P1,closed,Infra,2025-09-02T20:36:57Z,2025-09-09T20:36:57Z,7,FND-R6UWV2NA,,Proceed via change management; schedule maintenance window if needed.
TCK-KEV7ZVZ1,ORG-ACME,change_request,Review public exposure and confirm intended access,P3,ready_for_retest,IT Ops,2025-09-21T11:20:43Z,2025-09-28T11:20:43Z,7,,,Confirm impact on downstream systems before rollout.
TCK-258Z1YMZ,ORG-EMBER,risk_acceptance,Restrict overly broad cloud permissions,P4,in_progress,Data,2025-12-25T00:13:55Z,2026-03-25T00:13:55Z,90,FND-XLRNW5UL,,Proceed via change management; schedule maintenance window if needed.
TCK-E1ZMU90A,ORG-ORION,exception,Enable audit logging for critical event sources,P4,blocked,Security,2025-12-16T16:15:21Z,2026-03-16T16:15:21Z,90,,,Potential business exception; document rationale if accepting risk.
TCK-4DWJ0PKO,ORG-ACME,exception,Review public exposure and confirm intended access,P2,blocked,Platform,2025-10-08T13:39:55Z,2025-11-07T13:39:55Z,30,FND-C5PGDSMS,,Proceed via change management; schedule maintenance window if needed.
TCK-ORTDHKD4,ORG-ORION,risk_acceptance,Enforce MFA for privileged access,P3,open,Payments,2025-08-23T18:52:32Z,2025-09-06T18:52:32Z,14,FND-I0Z745J2,,Coordinate with service owner; capture before/after evidence.
TCK-ZQE7URBI,ORG-ACME,change_request,Investigate suspicious authentication activity,P2,blocked,Infra,2025-10-21T13:46:36Z,2026-01-19T13:46:36Z,90,,,Proceed via change management; schedule maintenance window if needed.
TCK-HJSCKZMA,ORG-EMBER,change_request,Investigate suspicious authentication activity,P1,open,Customer Apps,2025-09-04T06:34:10Z,2025-10-04T06:34:10Z,30,FND-N90BRSX3,,Confirm impact on downstream systems before rollout.
TCK-NUTMN1OR,ORG-ACME,risk_acceptance,Harden TLS policy for internet-facing services,P3,closed,Customer Apps,2025-08-31T16:15:34Z,2025-09-07T16:15:34Z,7,FND-0NKB2POB,,Coordinate with service owner; capture before/after evidence.
TCK-LUR2QR9O,ORG-EMBER,change_request,Harden TLS policy for internet-facing services,P3,in_progress,IT Ops,2025-10-02T08:57:57Z,2025-10-09T08:57:57Z,7,FND-U0I0XI6H,,Confirm impact on downstream systems before rollout.
TCK-WE0D2Y5O,ORG-ORION,change_request,Restrict overly broad cloud permissions,P1,closed,Data,2025-10-30T00:43:45Z,2025-11-06T00:43:45Z,7,,,Coordinate with service owner; capture before/after evidence.
TCK-9H2AMEQH,ORG-ACME,change_request,Review public exposure and confirm intended access,P3,closed,Platform,2025-12-06T07:00:18Z,2026-01-05T07:00:18Z,30,FND-FKXYHFGL,,Proceed via change management; schedule maintenance window if needed.
TCK-ARRZUVO1,ORG-ACME,exception,Enable audit logging for critical event sources,P2,closed,Infra,2025-12-28T15:09:35Z,2026-01-27T15:09:35Z,30,FND-XLRNW5UL,,Coordinate with service owner; capture before/after evidence.
TCK-B7GXSMO1,ORG-ACME,remediation,Restrict overly broad cloud permissions,P2,blocked,Data,2025-12-01T07:31:00Z,2026-03-01T07:31:00Z,90,FND-L448HP6A,,Potential business exception; document rationale if accepting risk.
TCK-2IMSI3ON,ORG-EMBER,remediation,Restrict overly broad cloud permissions,P2,open,Security,2025-11-21T11:09:24Z,2025-12-05T11:09:24Z,14,,,Potential business exception; document rationale if accepting risk.
TCK-UOR32SVK,ORG-EMBER,risk_acceptance,Restrict overly broad cloud permissions,P2,in_progress,Data,2025-10-12T17:25:04Z,2025-10-26T17:25:04Z,14,FND-JOZZ57JI,,Coordinate with service owner; capture before/after evidence.
TCK-OIF5HDJ0,ORG-ACME,change_request,Investigate suspicious authentication activity,P2,in_progress,Platform,2025-11-28T11:10:38Z,2026-01-27T11:10:38Z,60,FND-9WDLERSL,,Coordinate with service owner; capture before/after evidence.
TCK-KSNG8OON,ORG-ACME,exception,Enable audit logging for critical event sources,P2,ready_for_retest,Infra,2025-08-07T20:48:03Z,2025-11-05T20:48:03Z,90,,,Potential business exception; document rationale if accepting risk.
TCK-HYXJIRJ4,ORG-EMBER,remediation,Enable audit logging for critical event sources,P1,closed,Payments,2025-11-07T20:09:33Z,2025-11-21T20:09:33Z,14,FND-4SWIZOZV,,Potential business exception; document rationale if accepting risk.
TCK-YLHUNMS4,ORG-ACME,change_request,Review public exposure and confirm intended access,P4,in_progress,Payments,2025-10-03T20:36:44Z,2025-10-10T20:36:44Z,7,,,Confirm impact on downstream systems before rollout.
TCK-OC02BLWR,ORG-EMBER,remediation,Enforce MFA for privileged access,P4,open,Infra,2025-11-13T02:49:00Z,2026-02-11T02:49:00Z,90,,,Coordinate with service owner; capture before/after evidence.
TCK-J2VPK4R9,ORG-ACME,remediation,Enable audit logging for critical event sources,P1,closed,Infra,2025-09-02T05:52:34Z,2025-09-09T05:52:34Z,7,FND-LUY6RVHY,,Proceed via change management; schedule maintenance window if needed.
TCK-VS6KJLIY,ORG-ORION,exception,Harden TLS policy for internet-facing services,P4,blocked,Security,2025-10-28T02:14:46Z,2025-11-11T02:14:46Z,14,,,Potential business exception; document rationale if accepting risk.
TCK-82GCTYDG,ORG-EMBER,remediation,Review public exposure and confirm intended access,P3,in_progress,Data,2025-12-07T21:15:57Z,2026-01-06T21:15:57Z,30,,,Potential business exception; document rationale if accepting risk.
TCK-SZV3B52P,ORG-ACME,exception,Restrict overly broad cloud permissions,P1,in_progress,Customer Apps,2025-11-17T05:44:16Z,2026-02-15T05:44:16Z,90,,,Confirm impact on downstream systems before rollout.
TCK-DXE0O35U,ORG-EMBER,remediation,Enforce MFA for privileged access,P4,in_progress,Security,2025-12-18T13:51:35Z,2026-01-17T13:51:35Z,30,FND-BUHM60PE,,Proceed via change management; schedule maintenance window if needed.
TCK-PJ2ETMEW,ORG-EMBER,change_request,Restrict overly broad cloud permissions,P3,ready_for_retest,Customer Apps,2025-12-03T20:07:33Z,2026-02-01T20:07:33Z,60,FND-KJOAPNA5,,Proceed via change management; schedule maintenance window if needed.
TCK-VA1YCJ6N,ORG-ORION,risk_acceptance,Investigate suspicious authentication activity,P1,closed,Data,2025-09-10T04:46:19Z,2025-09-24T04:46:19Z,14,FND-B631H8XB,,Coordinate with service owner; capture before/after evidence.
TCK-8SEWPQ8V,ORG-ACME,investigation,Review public exposure and confirm intended access,P2,open,Security,2025-08-08T00:59:14Z,2025-09-07T00:59:14Z,30,FND-IJOT383L,ALT-BGMARFBW,Potential business exception; document rationale if accepting risk.
TCK-MXX0T1B8,ORG-EMBER,investigation,Investigate suspicious authentication activity,P4,closed,Platform,2025-09-05T14:52:16Z,2025-11-04T14:52:16Z,60,FND-8OXJ6YFC,ALT-RFKG483V,Proceed via change management; schedule maintenance window if needed.
TCK-U9YETZQF,ORG-ACME,risk_acceptance,Enforce MFA for privileged access,P2,in_progress,Infra,2025-09-17T22:45:08Z,2025-11-16T22:45:08Z,60,FND-ZF9U6LOR,,Potential business exception; document rationale if accepting risk.
TCK-NB6YURAC,ORG-ORION,change_request,Restrict overly broad cloud permissions,P2,ready_for_retest,Security,2025-10-06T05:43:36Z,2025-10-20T05:43:36Z,14,FND-56UOLGHT,,Confirm impact on downstream systems before rollout.
TCK-LES9V6Y1,ORG-ACME,investigation,Enforce MFA for privileged access,P1,blocked,Infra,2025-08-25T11:30:05Z,2025-11-23T11:30:05Z,90,,ALT-C6JLNR7C,Confirm impact on downstream systems before rollout.
TCK-3Q1FFE04,ORG-ACME,remediation,Investigate suspicious authentication activity,P4,ready_for_retest,Platform,2025-10-21T02:43:47Z,2026-01-19T02:43:47Z,90,,,Coordinate with service owner; capture before/after evidence.
TCK-8IOJABTO,ORG-ORION,exception,Harden TLS policy for internet-facing services,P1,in_progress,Platform,2025-08-29T18:24:56Z,2025-09-05T18:24:56Z,7,,,Coordinate with service owner; capture before/after evidence.
TCK-IRTNS2TE,ORG-ORION,exception,Restrict overly broad cloud permissions,P4,closed,IT Ops,2025-09-20T02:01:14Z,2025-12-19T02:01:14Z,90,FND-DKDKHB3J,,Potential business exception; document rationale if accepting risk.
TCK-F1CKD155,ORG-ACME,exception,Enable audit logging for critical event sources,P1,ready_for_retest,Platform,2025-09-17T00:46:42Z,2025-10-01T00:46:42Z,14,,,Coordinate with service owner; capture before/after evidence.
TCK-REEASDKN,ORG-ORION,change_request,Restrict overly broad cloud permissions,P3,ready_for_retest,Data,2025-10-13T17:22:54Z,2025-11-12T17:22:54Z,30,FND-A1CP2S42,,Potential business exception; document rationale if accepting risk.
TCK-QX6GWQAP,ORG-ORION,exception,Review public exposure and confirm intended access,P4,blocked,Payments,2025-12-07T02:51:10Z,2025-12-14T02:51:10Z,7,FND-NTN337HJ,,Confirm impact on downstream systems before rollout.
TCK-ME65MX2P,ORG-ACME,remediation,Enforce MFA for privileged access,P2,ready_for_retest,Platform,2025-11-19T15:31:36Z,2026-01-18T15:31:36Z,60,FND-30NZHWAG,,Coordinate with service owner; capture before/after evidence.
TCK-CHSCFOLD,ORG-EMBER,investigation,Review public exposure and confirm intended access,P4,in_progress,IT Ops,2025-10-22T06:00:59Z,2025-11-05T06:00:59Z,14,FND-C0QEUJJ5,ALT-65B6PHW9,Potential business exception; document rationale if accepting risk.
TCK-BJEK0OVJ,ORG-ACME,change_request,Enable audit logging for critical event sources,P3,blocked,Platform,2025-11-08T17:14:14Z,2025-11-22T17:14:14Z,14,FND-EH9JQX9T,,Proceed via change management; schedule maintenance window if needed.
TCK-VH3G374J,ORG-ORION,remediation,Enforce MFA for privileged access,P3,ready_for_retest,Platform,2025-10-10T21:14:52Z,2025-12-09T21:14:52Z,60,FND-I0Z745J2,,Potential business exception; document rationale if accepting risk.
TCK-VN7MYF2C,ORG-ORION,investigation,Review public exposure and confirm intended access,P4,closed,Data,2025-09-27T14:16:05Z,2025-12-26T14:16:05Z,90,,,Confirm impact on downstream systems before rollout.
TCK-VUFOQIAY,ORG-EMBER,change_request,Enforce MFA for privileged access,P2,closed,Customer Apps,2025-08-09T16:45:28Z,2025-09-08T16:45:28Z,30,FND-VAGUS96C,,Confirm impact on downstream systems before rollout.
TCK-ZHW91X81,ORG-ORION,risk_acceptance,Review public exposure and confirm intended access,P1,open,Platform,2025-09-29T00:33:32Z,2025-10-06T00:33:32Z,7,FND-3ES9W78F,,Coordinate with service owner; capture before/after evidence.
TCK-02HRWCEJ,ORG-ACME,risk_acceptance,Enforce MFA for privileged access,P1,blocked,Customer Apps,2025-10-08T19:58:23Z,2025-10-15T19:58:23Z,7,FND-LYU6FMY6,,Proceed via change management; schedule maintenance window if needed.
TCK-C03PYMDL,ORG-EMBER,change_request,Investigate suspicious authentication activity,P4,blocked,Data,2025-09-22T19:10:04Z,2025-09-29T19:10:04Z,7,FND-4EH1Q7MO,,Proceed via change management; schedule maintenance window if needed.
TCK-CJCDIGUJ,ORG-ORION,exception,Enable audit logging for critical event sources,P4,open,Payments,2025-09-11T15:44:32Z,2025-11-10T15:44:32Z,60,FND-F0TM6JFF,,Potential business exception; document rationale if accepting risk.
TCK-Y123SG8S,ORG-EMBER,risk_acceptance,Restrict overly broad cloud permissions,P1,blocked,Payments,2025-12-03T15:37:15Z,2025-12-10T15:37:15Z,7,,,Coordinate with service owner; capture before/after evidence.
TCK-TDXQ84FD,ORG-ACME,remediation,Harden TLS policy for internet-facing services,P1,blocked,Data,2025-10-17T18:23:40Z,2026-01-15T18:23:40Z,90,FND-MCOS4YUO,,Potential business exception; document rationale if accepting risk.
TCK-OGBIHVL0,ORG-EMBER,remediation,Review public exposure and confirm intended access,P1,closed,Payments,2025-12-30T01:59:09Z,2026-01-13T01:59:09Z,14,FND-57V3TPFR,,Confirm impact on downstream systems before rollout.
TCK-WBS26L6L,ORG-ORION,change_request,Review public exposure and confirm intended access,P4,in_progress,IT Ops,2025-12-20T21:30:55Z,2025-12-27T21:30:55Z,7,FND-5EP90Q98,,Potential business exception; document rationale if accepting risk.
TCK-KCW16YHJ,ORG-EMBER,risk_acceptance,Enable audit logging for critical event sources,P3,blocked,IT Ops,2025-12-24T13:58:15Z,2026-03-24T13:58:15Z,90,FND-E2UD9211,,Coordinate with service owner; capture before/after evidence.
TCK-QDNP854A,ORG-ORION,exception,Enable audit logging for critical event sources,P3,open,Payments,2025-11-30T23:40:17Z,2026-01-29T23:40:17Z,60,FND-NRN9X5ES,,Confirm impact on downstream systems before rollout.
TCK-V3WM3TTL,ORG-EMBER,investigation,Enable audit logging for critical event sources,P1,blocked,Customer Apps,2025-10-08T06:37:12Z,2025-10-22T06:37:12Z,14,,ALT-KERJ72MT,Confirm impact on downstream systems before rollout.
TCK-2CRUIXGH,ORG-EMBER,change_request,Restrict overly broad cloud permissions,P1,blocked,IT Ops,2025-11-23T21:53:21Z,2026-02-21T21:53:21Z,90,FND-XDOTKNIX,,Potential business exception; document rationale if accepting risk.
TCK-STQBFO3X,ORG-EMBER,risk_acceptance,Enforce MFA for privileged access,P4,ready_for_retest,Customer Apps,2025-11-29T08:50:29Z,2025-12-29T08:50:29Z,30,FND-K524JHBT,,Proceed via change management; schedule maintenance window if needed.
TCK-O79IK297,ORG-ORION,exception,Enforce MFA for privileged access,P1,blocked,IT Ops,2025-12-17T09:53:54Z,2026-02-15T09:53:54Z,60,FND-1162TD3L,,Proceed via change management; schedule maintenance window if needed.
TCK-30YD44QY,ORG-EMBER,risk_acceptance,Restrict overly broad cloud permissions,P4,open,Platform,2025-10-25T06:57:04Z,2025-12-24T06:57:04Z,60,FND-IDTGKKNO,,Proceed via change management; schedule maintenance window if needed.
TCK-IM6CSBV6,ORG-ORION,remediation,Investigate suspicious authentication activity,P4,open,Payments,2025-10-11T19:11:50Z,2025-11-10T19:11:50Z,30,FND-1E1CINAV,,Confirm impact on downstream systems before rollout.
TCK-YM9OK63X,ORG-ACME,remediation,Harden TLS policy for internet-facing services,P2,blocked,IT Ops,2025-12-24T15:14:44Z,2026-02-22T15:14:44Z,60,,,Confirm impact on downstream systems before rollout.
TCK-LXKF4J8W,ORG-EMBER,risk_acceptance,Restrict overly broad cloud permissions,P2,closed,IT Ops,2025-09-21T14:00:35Z,2025-12-20T14:00:35Z,90,,,Proceed via change management; schedule maintenance window if needed.
TCK-J2QTN58B,ORG-ORION,change_request,Restrict overly broad cloud permissions,P2,in_progress,Payments,2025-08-21T22:28:07Z,2025-09-04T22:28:07Z,14,,,Coordinate with service owner; capture before/after evidence.
TCK-3CDA6D9M,ORG-ACME,remediation,Restrict overly broad cloud permissions,P4,ready_for_retest,Data,2025-09-22T09:48:26Z,2025-12-21T09:48:26Z,90,FND-0LIP0YMP,,Confirm impact on downstream systems before rollout.
TCK-C44OTPSG,ORG-ACME,change_request,Restrict overly broad cloud permissions,P2,in_progress,Payments,2025-09-02T17:32:15Z,2025-11-01T17:32:15Z,60,FND-J0KP03FG,,Potential business exception; document rationale if accepting risk.
TCK-5R8159GY,ORG-EMBER,risk_acceptance,Review public exposure and confirm intended access,P3,closed,Infra,2025-10-09T08:33:31Z,2025-11-08T08:33:31Z,30,FND-LIPAIJGC,,Confirm impact on downstream systems before rollout.
TCK-R36RYF37,ORG-EMBER,change_request,Harden TLS policy for internet-facing services,P4,ready_for_retest,IT Ops,2025-10-29T17:23:46Z,2026-01-27T17:23:46Z,90,FND-TF9J6YQ0,,Proceed via change management; schedule maintenance window if needed.
TCK-Q5JQ8831,ORG-ACME,remediation,Restrict overly broad cloud permissions,P3,blocked,Infra,2025-08-21T02:06:58Z,2025-10-20T02:06:58Z,60,FND-9PPBU8OZ,,Coordinate with service owner; capture before/after evidence.
TCK-ZA1H5LW6,ORG-ACME,investigation,Review public exposure and confirm intended access,P3,blocked,Platform,2025-11-30T08:46:21Z,2026-02-28T08:46:21Z,90,FND-8WFX0AYW,ALT-QGBOLK6B,Coordinate with service owner; capture before/after evidence.
TCK-2HRFUBIC,ORG-EMBER,exception,Investigate suspicious authentication activity,P3,ready_for_retest,Payments,2025-10-21T13:58:27Z,2025-11-04T13:58:27Z,14,FND-XRUM1WCB,,Coordinate with service owner; capture before/after evidence.
TCK-KXS8ELSZ,ORG-ACME,remediation,Restrict overly broad cloud permissions,P1,ready_for_retest,Security,2025-11-13T05:14:14Z,2026-02-11T05:14:14Z,90,,,Potential business exception; document rationale if accepting risk.
TCK-OYWNCLN0,ORG-ORION,remediation,Enforce MFA for privileged access,P4,closed,Infra,2025-08-27T00:30:07Z,2025-09-03T00:30:07Z,7,FND-I70EIMUL,,Proceed via change management; schedule maintenance window if needed.
TCK-RUI5I50V,ORG-EMBER,risk_acceptance,Review public exposure and confirm intended access,P1,open,Customer Apps,2025-12-25T23:28:50Z,2026-01-08T23:28:50Z,14,FND-P4JTMTOM,,Coordinate with service owner; capture before/after evidence.
TCK-CXOHBN77,ORG-EMBER,remediation,Harden TLS policy for internet-facing services,P4,ready_for_retest,Customer Apps,2025-12-27T08:43:12Z,2026-02-25T08:43:12Z,60,FND-QBC31HLC,,Coordinate with service owner; capture before/after evidence.
TCK-EVV4PB1Q,ORG-EMBER,investigation,Enable audit logging for critical event sources,P1,ready_for_retest,Payments,2025-09-21T08:14:51Z,2025-10-05T08:14:51Z,14,FND-ZQHLMJ2D,ALT-R1J0IK4H,Coordinate with service owner; capture before/after evidence.
TCK-WW17TSSQ,ORG-EMBER,investigation,Investigate suspicious authentication activity,P3,in_progress,Infra,2025-09-07T16:11:13Z,2025-09-21T16:11:13Z,14,,ALT-G4UJMJA3,Coordinate with service owner; capture before/after evidence.
TCK-GMS8PV4A,ORG-ACME,remediation,Enforce MFA for privileged access,P1,in_progress,Infra,2025-11-26T06:13:05Z,2026-01-25T06:13:05Z,60,FND-57V3TPFR,,Coordinate with service owner; capture before/after evidence.
TCK-2OC9RU8T,ORG-ACME,remediation,Enforce MFA for privileged access,P1,open,Payments,2025-09-26T19:28:17Z,2025-10-10T19:28:17Z,14,,,Confirm impact on downstream systems before rollout.
TCK-LT044KT7,ORG-EMBER,remediation,Restrict overly broad cloud permissions,P2,open,Platform,2025-09-10T12:33:48Z,2025-12-09T12:33:48Z,90,,,Potential business exception; document rationale if accepting risk.
TCK-JPM1APB8,ORG-ACME,remediation,Investigate suspicious authentication activity,P4,closed,Payments,2025-12-23T03:01:01Z,2026-01-06T03:01:01Z,14,FND-B1O7OLC8,,Confirm impact on downstream systems before rollout.
TCK-CV153ZDY,ORG-ACME,change_request,Investigate suspicious authentication activity,P4,blocked,Security,2025-11-24T00:20:10Z,2025-12-08T00:20:10Z,14,FND-OCDM561W,,Potential business exception; document rationale if accepting risk.
TCK-2EFKRWC5,ORG-ORION,exception,Review public exposure and confirm intended access,P2,closed,Security,2025-10-17T19:34:43Z,2025-11-16T19:34:43Z,30,,,Potential business exception; document rationale if accepting risk.
TCK-QKJTZW3G,ORG-EMBER,change_request,Restrict overly broad cloud permissions,P1,closed,Security,2025-12-20T11:14:52Z,2025-12-27T11:14:52Z,7,FND-YCGCK40D,,Potential business exception; document rationale if accepting risk.
TCK-8XL6VTLL,ORG-EMBER,exception,Review public exposure and confirm intended access,P1,blocked,IT Ops,2025-11-17T07:05:12Z,2025-12-01T07:05:12Z,14,FND-DTROR76P,,Coordinate with service owner; capture before/after evidence.
TCK-QJ1PPIJE,ORG-ORION,investigation,Review public exposure and confirm intended access,P4,ready_for_retest,IT Ops,2025-12-13T06:36:47Z,2025-12-20T06:36:47Z,7,FND-L448HP6A,ALT-3OLVCD9L,Confirm impact on downstream systems before rollout.
TCK-E9300AVG,ORG-ORION,change_request,Investigate suspicious authentication activity,P3,in_progress,Platform,2025-11-17T00:26:46Z,2025-12-17T00:26:46Z,30,,,Confirm impact on downstream systems before rollout.
TCK-KFRYIDBK,ORG-ORION,exception,Investigate suspicious authentication activity,P4,in_progress,Payments,2025-11-29T00:08:17Z,2025-12-13T00:08:17Z,14,FND-R6UWV2NA,,Potential business exception; document rationale if accepting risk.
TCK-XKULHYON,ORG-ACME,change_request,Harden TLS policy for internet-facing services,P2,closed,Customer Apps,2025-12-24T14:24:05Z,2026-03-24T14:24:05Z,90,,,Potential business exception; document rationale if accepting risk.
TCK-3LT78NRD,ORG-ACME,remediation,Review public exposure and confirm intended access,P2,open,Security,2025-12-07T18:59:26Z,2026-01-06T18:59:26Z,30,FND-KV85ROKF,,Confirm impact on downstream systems before rollout.
TCK-1YYE6Y9C,ORG-EMBER,risk_acceptance,Investigate suspicious authentication activity,P4,open,IT Ops,2025-10-05T07:26:10Z,2025-10-19T07:26:10Z,14,FND-BCZRER7O,,Confirm impact on downstream systems before rollout.
TCK-QQL2N0XT,ORG-ACME,investigation,Review public exposure and confirm intended access,P3,in_progress,Security,2025-12-29T11:51:22Z,2026-01-12T11:51:22Z,14,FND-7GXHVCZO,ALT-1XA7OW94,Confirm impact on downstream systems before rollout.
TCK-DP892YAQ,ORG-EMBER,remediation,Enable audit logging for critical event sources,P1,in_progress,Security,2025-10-10T03:27:48Z,2025-12-09T03:27:48Z,60,FND-7YGE0YZH,,Confirm impact on downstream systems before rollout.
TCK-GB81C2LY,ORG-EMBER,remediation,Restrict overly broad cloud permissions,P2,open,IT Ops,2025-08-28T12:46:46Z,2025-10-27T12:46:46Z,60,,,Potential business exception; document rationale if accepting risk.
TCK-7QR8PJ8A,ORG-EMBER,remediation,Enforce MFA for privileged access,P2,closed,Payments,2025-08-16T14:53:02Z,2025-11-14T14:53:02Z,90,FND-RWRFVZ9D,,Proceed via change management; schedule maintenance window if needed.
TCK-M41W4IX1,ORG-ORION,exception,Review public exposure and confirm intended access,P2,in_progress,Customer Apps,2025-12-06T14:00:07Z,2026-02-04T14:00:07Z,60,FND-7ZNB18PV,,Coordinate with service owner; capture before/after evidence.
TCK-173RLT5K,ORG-EMBER,exception,Restrict overly broad cloud permissions,P2,open,Infra,2025-10-05T21:45:13Z,2025-10-12T21:45:13Z,7,FND-UZ0B6CD8,,Potential business exception; document rationale if accepting risk.
TCK-5C38X9DE,ORG-EMBER,change_request,Restrict overly broad cloud permissions,P3,blocked,IT Ops,2025-11-15T13:15:34Z,2025-11-22T13:15:34Z,7,FND-GXK2GXTP,,Potential business exception; document rationale if accepting risk.
TCK-RGZXM0MN,ORG-ORION,risk_acceptance,Harden TLS policy for internet-facing services,P4,closed,Payments,2025-10-06T10:17:44Z,2026-01-04T10:17:44Z,90,FND-5BBKN5CL,,Proceed via change management; schedule maintenance window if needed.
TCK-I6CP9L4T,ORG-EMBER,remediation,Investigate suspicious authentication activity,P3,closed,Infra,2025-11-14T15:01:08Z,2025-12-14T15:01:08Z,30,FND-G6V5F2EE,,Potential business exception; document rationale if accepting risk.
TCK-EGPVZBN7,ORG-EMBER,change_request,Investigate suspicious authentication activity,P3,closed,Security,2025-10-25T04:42:06Z,2025-11-08T04:42:06Z,14,FND-65AF63K2,,Proceed via change management; schedule maintenance window if needed.
TCK-O76UBUL2,ORG-ORION,exception,Review public exposure and confirm intended access,P2,in_progress,Platform,2025-11-27T10:10:05Z,2025-12-04T10:10:05Z,7,FND-AOJVMV6O,,Proceed via change management; schedule maintenance window if needed.
TCK-XCRQ9S92,ORG-ACME,change_request,Enforce MFA for privileged access,P1,blocked,Payments,2025-09-04T17:18:20Z,2025-10-04T17:18:20Z,30,FND-LYU6FMY6,,Confirm impact on downstream systems before rollout.
TCK-LT643CRS,ORG-ACME,exception,Investigate suspicious authentication activity,P2,in_progress,Data,2025-08-22T21:20:46Z,2025-09-05T21:20:46Z,14,FND-VXIXE8T7,,Confirm impact on downstream systems before rollout.
TCK-90V5ZCSB,ORG-ACME,remediation,Restrict overly broad cloud permissions,P3,closed,Platform,2025-08-12T21:58:02Z,2025-09-11T21:58:02Z,30,,,Coordinate with service owner; capture before/after evidence.
TCK-ETEJACD1,ORG-EMBER,change_request,Harden TLS policy for internet-facing services,P3,blocked,Data,2025-10-20T12:48:21Z,2025-10-27T12:48:21Z,7,,,Confirm impact on downstream systems before rollout.
TCK-F4NN8MJ8,ORG-EMBER,risk_acceptance,Investigate suspicious authentication activity,P4,ready_for_retest,Customer Apps,2025-12-10T16:12:04Z,2026-03-10T16:12:04Z,90,FND-999OG20E,,Proceed via change management; schedule maintenance window if needed.
TCK-4YWEX4OE,ORG-ACME,risk_acceptance,Restrict overly broad cloud permissions,P2,ready_for_retest,Infra,2025-10-26T09:01:15Z,2025-12-25T09:01:15Z,60,FND-R71TMDFM,,Potential business exception; document rationale if accepting risk.
TCK-FGS97PBH,ORG-ORION,remediation,Investigate suspicious authentication activity,P3,ready_for_retest,IT Ops,2025-09-19T08:42:53Z,2025-10-03T08:42:53Z,14,FND-MEJ748RR,,Potential business exception; document rationale if accepting risk.
TCK-RKE54IJO,ORG-ORION,risk_acceptance,Harden TLS policy for internet-facing services,P3,closed,Customer Apps,2025-08-26T09:00:14Z,2025-11-24T09:00:14Z,90,,,Coordinate with service owner; capture before/after evidence.
TCK-XX2V02CY,ORG-ORION,exception,Harden TLS policy for internet-facing services,P3,open,IT Ops,2025-10-14T03:09:06Z,2025-12-13T03:09:06Z,60,FND-RIC5N46E,,Potential business exception; document rationale if accepting risk.
TCK-HN4I48C6,ORG-ORION,exception,Enable audit logging for critical event sources,P4,open,Infra,2025-11-18T20:12:23Z,2025-11-25T20:12:23Z,7,FND-9O03NPNM,,Confirm impact on downstream systems before rollout.
TCK-XSK5AKVF,ORG-ORION,change_request,Harden TLS policy for internet-facing services,P1,in_progress,Platform,2025-11-17T21:29:51Z,2026-02-15T21:29:51Z,90,FND-7YGE0YZH,,Potential business exception; document rationale if accepting risk.
TCK-AKSEFOFD,ORG-EMBER,investigation,Harden TLS policy for internet-facing services,P2,open,Customer Apps,2025-12-04T08:59:15Z,2026-03-04T08:59:15Z,90,FND-K524JHBT,ALT-X840SX3T,Coordinate with service owner; capture before/after evidence.
TCK-T4T87E0A,ORG-EMBER,exception,Enforce MFA for privileged access,P1,in_progress,Platform,2025-12-07T01:22:27Z,2026-01-06T01:22:27Z,30,,,Confirm impact on downstream systems before rollout.
TCK-NU34O3LV,ORG-EMBER,investigation,Investigate suspicious authentication activity,P1,blocked,Infra,2025-08-12T06:45:46Z,2025-08-26T06:45:46Z,14,,ALT-S7SYJ1AT,Potential business exception; document rationale if accepting risk.
TCK-8CPQ9RSK,ORG-ORION,change_request,Review public exposure and confirm intended access,P2,ready_for_retest,Customer Apps,2025-12-12T10:26:34Z,2026-01-11T10:26:34Z,30,FND-Z8ZTTAR3,,Confirm impact on downstream systems before rollout.
TCK-CXF4SP4L,ORG-EMBER,exception,Harden TLS policy for internet-facing services,P1,in_progress,Infra,2025-11-15T22:26:46Z,2025-12-15T22:26:46Z,30,,,Proceed via change management; schedule maintenance window if needed.
TCK-7KMY8RQS,ORG-ORION,remediation,Harden TLS policy for internet-facing services,P2,open,Customer Apps,2025-11-16T12:47:54Z,2025-11-30T12:47:54Z,14,,,Confirm impact on downstream systems before rollout.
TCK-MGPYB1AM,ORG-ACME,risk_acceptance,Restrict overly broad cloud permissions,P3,open,Payments,2025-11-16T02:24:57Z,2026-02-14T02:24:57Z,90,FND-C0UAE5E0,,Confirm impact on downstream systems before rollout.
TCK-10JTES5S,ORG-EMBER,change_request,Review public exposure and confirm intended access,P1,in_progress,Data,2025-09-27T09:32:21Z,2025-10-04T09:32:21Z,7,FND-96IHEV08,,Proceed via change management; schedule maintenance window if needed.
TCK-H9Y11KPZ,ORG-ACME,investigation,Investigate suspicious authentication activity,P2,blocked,Data,2025-12-30T11:14:20Z,2026-02-28T11:14:20Z,60,,ALT-U6GRMC2H,Confirm impact on downstream systems before rollout.
TCK-6G55AP5K,ORG-ACME,change_request,Enable audit logging for critical event sources,P1,open,Infra,2025-08-20T14:07:41Z,2025-08-27T14:07:41Z,7,FND-4EH1Q7MO,,Proceed via change management; schedule maintenance window if needed.
TCK-0OVB99J0,ORG-ORION,change_request,Review public exposure and confirm intended access,P3,in_progress,Payments,2025-08-15T23:57:40Z,2025-10-14T23:57:40Z,60,FND-SOF6BKTX,,Coordinate with service owner; capture before/after evidence.
TCK-O6HJ0O97,ORG-ACME,investigation,Investigate suspicious authentication activity,P1,open,Security,2025-11-21T19:32:14Z,2025-12-05T19:32:14Z,14,,ALT-TFADQT4C,Potential business exception; document rationale if accepting risk.
TCK-H7ZN2I3Z,ORG-EMBER,risk_acceptance,Restrict overly broad cloud permissions,P3,ready_for_retest,Data,2025-09-15T13:25:10Z,2025-11-14T13:25:10Z,60,,,Potential business exception; document rationale if accepting risk.
TCK-FYJ1NOJB,ORG-ORION,remediation,Investigate suspicious authentication activity,P2,blocked,Payments,2025-12-21T05:54:49Z,2026-02-19T05:54:49Z,60,,,Coordinate with service owner; capture before/after evidence.
TCK-TLPYQNF4,ORG-ACME,change_request,Harden TLS policy for internet-facing services,P3,ready_for_retest,IT Ops,2025-10-26T09:05:44Z,2026-01-24T09:05:44Z,90,FND-XLRNW5UL,,Confirm impact on downstream systems before rollout.
TCK-7DBNXWDW,ORG-EMBER,investigation,Investigate suspicious authentication activity,P3,closed,Data,2025-08-29T18:13:53Z,2025-09-12T18:13:53Z,14,FND-LSSH1EFK,,Proceed via change management; schedule maintenance window if needed.
TCK-R3BMON1K,ORG-ORION,remediation,Review public exposure and confirm intended access,P1,blocked,Customer Apps,2025-11-26T20:47:19Z,2026-02-24T20:47:19Z,90,FND-Q1DFTUD5,,Proceed via change management; schedule maintenance window if needed.
TCK-2CLDKQO6,ORG-ORION,remediation,Review public exposure and confirm intended access,P1,open,Payments,2025-11-07T03:06:10Z,2025-11-21T03:06:10Z,14,FND-AD05WF5Z,,Coordinate with service owner; capture before/after evidence.
TCK-2JHLFR2C,ORG-ACME,risk_acceptance,Restrict overly broad cloud permissions,P3,blocked,IT Ops,2025-10-20T19:17:45Z,2025-12-19T19:17:45Z,60,FND-6XW68EAH,,Confirm impact on downstream systems before rollout.
TCK-EQQABSDY,ORG-ORION,change_request,Restrict overly broad cloud permissions,P3,in_progress,Data,2025-11-26T15:59:19Z,2026-02-24T15:59:19Z,90,FND-5BWDVQV5,,Proceed via change management; schedule maintenance window if needed.
